{
  "metadata": {
    "title": "Automação Completa 1Password",
    "version": "1.0",
    "created": "2025-10-22",
    "author": "Luiz Sena",
    "based_on": [
      "1Password Connect Server API",
      "1Password CLI v2",
      "1Password Service Accounts",
      "Best Practices from 1Password Developer Docs"
    ]
  },
  "1_overview": {
    "objetivo": "Automação end-to-end de secrets management usando 1Password",
    "componentes_principais": [
      "1Password Connect Server (self-hosted REST API)",
      "1Password CLI v2 (command-line tool)",
      "1Password Service Accounts (machine authentication)",
      "1Password Kubernetes Operator (K8s secrets sync)"
    ],
    "casos_uso": [
      "Provisionar secrets em CI/CD pipelines",
      "Sincronizar secrets com Kubernetes",
      "Automatizar gestão de credenciais de infraestrutura",
      "Integrar secrets em aplicações (via API/SDK)",
      "Rotação automática de secrets"
    ]
  },
  "2_arquitetura": {
    "camadas": {
      "vault_layer": {
        "nome": "1Password Vault (Source of Truth)",
        "descricao": "Vaults compartilhados com secrets de infraestrutura",
        "estrutura_recomendada": {
          "vault_infra_prod": "Secrets de produção",
          "vault_infra_staging": "Secrets de staging",
          "vault_infra_dev": "Secrets de desenvolvimento",
          "vault_ci_cd": "Secrets de pipelines CI/CD",
          "vault_databases": "Credenciais de databases"
        },
        "best_practices": [
          "Princípio de least privilege",
          "Segregação por ambiente",
          "Nomenclatura consistente",
          "Tags para categorização"
        ]
      },
      "connect_layer": {
        "nome": "1Password Connect Server",
        "descricao": "API REST self-hosted para acesso programático",
        "componentes": [
          "connect-api: serve REST API",
          "connect-sync: sincroniza com 1Password"
        ],
        "vantagens": [
          "Unlimited requests (sem rate limits)",
          "Baixa latência (cache local)",
          "Self-hosted (controle total)",
          "Alta disponibilidade (deploy redundante)"
        ],
        "deployment_options": [
          "Docker Compose",
          "Kubernetes (Helm Chart)",
          "Railway/Cloud Run",
          "AWS ECS/Fargate"
        ]
      },
      "automation_layer": {
        "nome": "Camada de Automação",
        "ferramentas": [
          "1Password CLI v2",
          "1Password SDKs (Python, Go, JS)",
          "Shell scripts",
          "Terraform/Pulumi providers",
          "CI/CD integrations"
        ]
      }
    },
    "fluxo_dados": [
      "1. Secrets criados/atualizados em 1Password Vault",
      "2. Connect Server sincroniza mudanças (connect-sync)",
      "3. Aplicações consultam via Connect API/CLI",
      "4. Secrets injetados em runtime (env vars, config files)",
      "5. Logs de auditoria mantidos automaticamente"
    ]
  },
  "3_setup_connect_server": {
    "step_1_criar_secrets_automation": {
      "via_web": [
        "1. Acessar https://my.1password.com",
        "2. Developer > Directory > Infrastructure Secrets Management",
        "3. Create a Connect server",
        "4. Selecionar vaults com acesso",
        "5. Baixar 1password-credentials.json",
        "6. Copiar access token"
      ],
      "via_cli": [
        "# Criar Connect server",
        "op connect server create \"My Connect Server\" --vaults=\"Infra Prod,Infra Staging\"",
        "",
        "# Gerar token",
        "op connect token create \"My Connect Server\" --server=\"My Connect Server\"",
        "",
        "# Salvar token no 1Password",
        "op item create --category=password --title=\"Connect Token\" --vault=\"Private\" password=<TOKEN>"
      ],
      "outputs": {
        "credentials_file": "1password-credentials.json (deploy do server)",
        "access_token": "Token para autenticação de apps"
      }
    },
    "step_2_deploy_connect_server": {
      "docker_compose": {
        "arquivo": "docker-compose.yml",
        "conteudo": "version: '3.8'\n\nservices:\n  connect-api:\n    image: 1password/connect-api:latest\n    ports:\n      - \"8080:8080\"\n    environment:\n      - OP_SESSION=/home/opuser/.op/data/1password-credentials.json\n    volumes:\n      - ./1password-credentials.json:/home/opuser/.op/data/1password-credentials.json:ro\n      - op-data:/home/opuser/.op/data\n    depends_on:\n      - connect-sync\n\n  connect-sync:\n    image: 1password/connect-sync:latest\n    environment:\n      - OP_SESSION=/home/opuser/.op/data/1password-credentials.json\n    volumes:\n      - ./1password-credentials.json:/home/opuser/.op/data/1password-credentials.json:ro\n      - op-data:/home/opuser/.op/data\n\nvolumes:\n  op-data:"
      },
      "kubernetes_helm": {
        "install": [
          "# Adicionar repo Helm",
          "helm repo add 1password https://1password.github.io/connect-helm-charts",
          "helm repo update",
          "",
          "# Criar secret com credentials",
          "kubectl create namespace 1password",
          "kubectl create secret generic op-credentials \\",
          "  --from-file=1password-credentials.json \\",
          "  -n 1password",
          "",
          "# Instalar Connect + Operator",
          "helm install connect 1password/connect \\",
          "  --set-file connect.credentials=1password-credentials.json \\",
          "  --set operator.create=true \\",
          "  --set operator.token.value=<ACCESS_TOKEN> \\",
          "  --namespace 1password"
        ]
      },
      "validacao": [
        "# Testar conectividade",
        "curl -H \"Authorization: Bearer <TOKEN>\" http://localhost:8080/v1/health",
        "",
        "# Listar vaults",
        "curl -H \"Authorization: Bearer <TOKEN>\" http://localhost:8080/v1/vaults"
      ]
    },
    "step_3_configurar_access_tokens": {
      "descricao": "Criar tokens separados por aplicação/serviço",
      "best_practices": [
        "1 token por aplicação (isolamento)",
        "Least privilege: acesso apenas aos vaults necessários",
        "Tokens de curta duração para CI/CD (rotação)",
        "Armazenar tokens em 1Password (não hardcode)"
      ],
      "comandos": [
        "# Listar tokens existentes",
        "op connect token list --server=\"My Connect Server\"",
        "",
        "# Criar novo token",
        "op connect token create \"App Production\" --server=\"My Connect Server\"",
        "",
        "# Revogar token",
        "op connect token revoke <TOKEN_ID> --server=\"My Connect Server\""
      ]
    }
  },
  "4_automacao_cli": {
    "instalacao": {
      "macos": "brew install 1password-cli",
      "linux": "curl -sSO https://downloads.1password.com/linux/debian/amd64/stable/1password-cli-latest-amd64.deb && sudo dpkg -i 1password-cli-latest-amd64.deb",
      "windows": "winget install 1Password.CLI",
      "docker": "docker pull 1password/op:2"
    },
    "autenticacao": {
      "biometric_local": [
        "# Conectar ao app 1Password desktop",
        "eval $(op signin)",
        "",
        "# Usar biometria (Touch ID, Apple Watch)",
        "op vault list  # Solicita biometria automaticamente"
      ],
      "service_account_ci_cd": [
        "# Usar Service Account (sem interação humana)",
        "export OP_SERVICE_ACCOUNT_TOKEN=<TOKEN>",
        "",
        "# Comandos funcionam automaticamente",
        "op vault list",
        "op item get \"Database Password\" --vault=\"Infra Prod\""
      ],
      "connect_server": [
        "# Configurar para usar Connect Server",
        "export OP_CONNECT_HOST=http://localhost:8080",
        "export OP_CONNECT_TOKEN=<ACCESS_TOKEN>",
        "",
        "# Comandos usam Connect automaticamente",
        "op vault list",
        "op item get \"API Key\" --vault=\"CI/CD\""
      ]
    },
    "operacoes_comuns": {
      "criar_item": {
        "template_json": {
          "title": "Database Production",
          "category": "login",
          "fields": [
            {
              "id": "username",
              "label": "username",
              "value": "admin"
            },
            {
              "id": "password",
              "label": "password",
              "value": "super-secret-123"
            },
            {
              "id": "hostname",
              "label": "hostname",
              "value": "db.prod.example.com"
            },
            {
              "id": "port",
              "label": "port",
              "value": "5432"
            }
          ]
        },
        "comando": [
          "# Criar item via template",
          "cat template.json | op item create --vault=\"Infra Prod\"",
          "",
          "# Criar item inline",
          "op item create \\",
          "  --category=password \\",
          "  --title=\"API Token\" \\",
          "  --vault=\"CI/CD\" \\",
          "  token=ghp_abc123xyz"
        ]
      },
      "buscar_secret": {
        "get_password": [
          "# Buscar password de um item",
          "op item get \"Database Production\" --vault=\"Infra Prod\" --fields password",
          "",
          "# Buscar campo específico",
          "op item get \"Database Production\" --vault=\"Infra Prod\" --fields hostname"
        ],
        "secret_reference": [
          "# Secret reference format",
          "# op://<vault>/<item>/<field>",
          "",
          "# Exemplo",
          "export DB_PASSWORD=\"op://Infra Prod/Database Production/password\"",
          "",
          "# CLI substitui automaticamente",
          "op run -- psql -h db.prod.example.com -U admin"
        ]
      },
      "listar_items": [
        "# Listar todos os items de um vault",
        "op item list --vault=\"Infra Prod\"",
        "",
        "# Filtrar por categoria",
        "op item list --categories=password --vault=\"CI/CD\"",
        "",
        "# Output JSON para processamento",
        "op item list --vault=\"Infra Prod\" --format=json | jq"
      ],
      "atualizar_secret": [
        "# Atualizar campo específico",
        "op item edit \"API Token\" --vault=\"CI/CD\" token=new-token-value",
        "",
        "# Atualizar múltiplos campos",
        "op item edit \"Database Production\" \\",
        "  password=new-password \\",
        "  hostname=db-new.prod.example.com"
      ],
      "deletar_item": [
        "# Deletar item",
        "op item delete \"Old API Token\" --vault=\"CI/CD\"",
        "",
        "# Deletar com confirmação",
        "op item delete \"Database Production\" --vault=\"Infra Prod\" --archive"
      ]
    }
  },
  "5_integracao_ci_cd": {
    "github_actions": {
      "setup": [
        "# Adicionar Service Account token aos Secrets",
        "# Settings > Secrets > Actions > New repository secret",
        "# Name: OP_SERVICE_ACCOUNT_TOKEN",
        "# Value: ops_<token>"
      ],
      "workflow_exemplo": "name: Deploy with 1Password Secrets\n\non:\n  push:\n    branches: [main]\n\njobs:\n  deploy:\n    runs-on: ubuntu-latest\n    steps:\n      - uses: actions/checkout@v3\n\n      - name: Install 1Password CLI\n        uses: 1password/install-cli-action@v1\n\n      - name: Load secrets from 1Password\n        env:\n          OP_SERVICE_ACCOUNT_TOKEN: ${{ secrets.OP_SERVICE_ACCOUNT_TOKEN }}\n        run: |\n          # Export secrets como env vars\n          export AWS_ACCESS_KEY_ID=$(op item get \"AWS Credentials\" --vault=\"CI/CD\" --fields access_key_id)\n          export AWS_SECRET_ACCESS_KEY=$(op item get \"AWS Credentials\" --vault=\"CI/CD\" --fields secret_access_key)\n\n          # Ou usar secret references\n          op run --env-file=\".env.op\" -- npm run deploy\n\n      - name: Deploy to production\n        run: |\n          # Secrets já disponíveis como env vars\n          ./deploy.sh"
    },
    "gitlab_ci": {
      "variables": [
        "# GitLab CI/CD > Settings > CI/CD > Variables",
        "# Variable: OP_SERVICE_ACCOUNT_TOKEN",
        "# Type: Masked, Protected"
      ],
      "gitlab_ci_yml": "stages:\n  - deploy\n\ndeploy_prod:\n  stage: deploy\n  image: 1password/op:2\n  variables:\n    OP_SERVICE_ACCOUNT_TOKEN: $OP_SERVICE_ACCOUNT_TOKEN\n  script:\n    - op vault list\n    - export DB_PASSWORD=$(op item get \"Database Prod\" --vault=\"Infra Prod\" --fields password)\n    - ./deploy.sh\n  only:\n    - main"
    },
    "jenkins": {
      "credentials": [
        "# Jenkins > Manage Jenkins > Credentials",
        "# Add Credentials > Secret text",
        "# ID: op-service-account-token"
      ],
      "jenkinsfile": "pipeline {\n    agent any\n\n    environment {\n        OP_SERVICE_ACCOUNT_TOKEN = credentials('op-service-account-token')\n    }\n\n    stages {\n        stage('Load Secrets') {\n            steps {\n                sh '''\n                    curl -sSO https://downloads.1password.com/linux/debian/amd64/stable/1password-cli-latest-amd64.deb\n                    sudo dpkg -i 1password-cli-latest-amd64.deb\n\n                    export DB_PASSWORD=$(op item get \"Database Prod\" --vault=\"Infra Prod\" --fields password)\n                    echo \"Secret loaded successfully\"\n                '''\n            }\n        }\n\n        stage('Deploy') {\n            steps {\n                sh './deploy.sh'\n            }\n        }\n    }\n}"
    }
  },
  "6_integracao_kubernetes": {
    "onepassword_operator": {
      "descricao": "Sincroniza automaticamente secrets do 1Password para K8s",
      "instalacao": "Já incluído se instalou Connect via Helm com --set operator.create=true",
      "uso_basico": {
        "criar_secret_no_1password": "Item no vault com campos username, password, hostname",
        "criar_onepassworditem_crd": "apiVersion: onepassword.com/v1\nkind: OnePasswordItem\nmetadata:\n  name: database-credentials\n  namespace: production\nspec:\n  itemPath: \"vaults/Infra Prod/items/Database Production\"",
        "usar_secret_no_pod": "apiVersion: apps/v1\nkind: Deployment\nmetadata:\n  name: app\n  namespace: production\nspec:\n  template:\n    spec:\n      containers:\n      - name: app\n        image: myapp:latest\n        env:\n        - name: DB_USERNAME\n          valueFrom:\n            secretKeyRef:\n              name: database-credentials\n              key: username\n        - name: DB_PASSWORD\n          valueFrom:\n            secretKeyRef:\n              name: database-credentials\n              key: password"
      },
      "auto_restart_on_update": {
        "descricao": "Operator detecta mudanças e restart pods automaticamente",
        "annotation": "metadata:\n  annotations:\n    operator.1password.io/auto-restart: \"true\""
      }
    },
    "external_secrets_operator": {
      "descricao": "Alternativa ao 1Password Operator, mais flexível",
      "setup": [
        "# Install External Secrets Operator",
        "helm repo add external-secrets https://charts.external-secrets.io",
        "helm install external-secrets external-secrets/external-secrets -n external-secrets --create-namespace",
        "",
        "# Criar SecretStore",
        "kubectl apply -f secret-store.yaml"
      ],
      "secret_store_yaml": "apiVersion: external-secrets.io/v1beta1\nkind: SecretStore\nmetadata:\n  name: onepassword-store\n  namespace: production\nspec:\n  provider:\n    onepassword:\n      connectHost: http://connect-api.1password.svc.cluster.local:8080\n      vaults:\n        Infra Prod: 1\n      auth:\n        secretRef:\n          connectToken:\n            name: op-credentials\n            key: token",
      "external_secret_yaml": "apiVersion: external-secrets.io/v1beta1\nkind: ExternalSecret\nmetadata:\n  name: database-secret\n  namespace: production\nspec:\n  refreshInterval: 1h\n  secretStoreRef:\n    name: onepassword-store\n    kind: SecretStore\n  target:\n    name: database-credentials\n    creationPolicy: Owner\n  data:\n  - secretKey: username\n    remoteRef:\n      key: Database Production\n      property: username\n  - secretKey: password\n    remoteRef:\n      key: Database Production\n      property: password"
    }
  },
  "7_secret_references": {
    "descricao": "Substituir secrets em runtime sem hardcode",
    "formato": "op://<vault>/<item>[/<section>]/<field>",
    "uso_env_vars": {
      "dot_env_file": "# .env.op\nDATABASE_URL=op://Infra Prod/Database Production/connection_string\nAPI_KEY=op://CI/CD/External API/api_key\nAWS_ACCESS_KEY_ID=op://Infra Prod/AWS Credentials/access_key_id",
      "carregar_secrets": [
        "# Injetar secrets no ambiente",
        "op run --env-file=.env.op -- npm start",
        "",
        "# Ou export direto",
        "op run --env-file=.env.op -- env"
      ]
    },
    "uso_config_files": {
      "config_template": "# config.yaml.op\ndatabase:\n  host: op://Infra Prod/Database Production/hostname\n  port: op://Infra Prod/Database Production/port\n  username: op://Infra Prod/Database Production/username\n  password: op://Infra Prod/Database Production/password\n\napi:\n  key: op://CI/CD/External API/api_key\n  endpoint: https://api.example.com",
      "injetar_secrets": [
        "# Gerar config.yaml com secrets",
        "op inject -i config.yaml.op -o config.yaml",
        "",
        "# Ou usar direto",
        "cat config.yaml.op | op inject | kubectl apply -f -"
      ]
    }
  },
  "8_sdks_programaticos": {
    "python": {
      "instalacao": "pip install onepassword-sdk",
      "exemplo": "from onepassword import Client, OP_CONNECT_HOST, OP_CONNECT_TOKEN\nimport os\n\n# Configurar client\nclient = Client(\n    url=os.environ.get('OP_CONNECT_HOST'),\n    token=os.environ.get('OP_CONNECT_TOKEN')\n)\n\n# Buscar secret\nitem = client.items.get('Database Production', vault='Infra Prod')\npassword = item.fields['password'].value\n\n# Listar vaults\nvaults = client.vaults.list()\nfor vault in vaults:\n    print(f\"Vault: {vault.name}\")\n\n# Criar item\nnew_item = client.items.create(\n    vault='CI/CD',\n    title='New API Token',\n    category='password',\n    fields=[\n        {'label': 'token', 'value': 'abc123xyz'}\n    ]\n)"
    },
    "go": {
      "instalacao": "go get github.com/1Password/connect-sdk-go",
      "exemplo": "package main\n\nimport (\n    \"context\"\n    \"fmt\"\n    \"os\"\n\n    \"github.com/1Password/connect-sdk-go/connect\"\n    \"github.com/1Password/connect-sdk-go/onepassword\"\n)\n\nfunc main() {\n    client := connect.NewClient(\n        os.Getenv(\"OP_CONNECT_HOST\"),\n        os.Getenv(\"OP_CONNECT_TOKEN\"),\n    )\n\n    // Get item\n    item, err := client.GetItem(\"Database Production\", \"Infra Prod\")\n    if err != nil {\n        panic(err)\n    }\n\n    password := item.Fields[0].Value\n    fmt.Printf(\"Password: %s\\n\", password)\n\n    // List vaults\n    vaults, err := client.GetVaults()\n    if err != nil {\n        panic(err)\n    }\n\n    for _, vault := range vaults {\n        fmt.Printf(\"Vault: %s\\n\", vault.Name)\n    }\n}"
    },
    "javascript": {
      "instalacao": "npm install @1password/connect",
      "exemplo": "import { OnePasswordConnect } from '@1password/connect';\n\nconst op = OnePasswordConnect({\n  serverURL: process.env.OP_CONNECT_HOST,\n  token: process.env.OP_CONNECT_TOKEN,\n  keepAlive: true\n});\n\n// Get secret\nconst item = await op.getItem('Database Production', 'Infra Prod');\nconst password = item.fields.find(f => f.label === 'password').value;\n\n// List vaults\nconst vaults = await op.listVaults();\nvaults.forEach(vault => {\n  console.log(`Vault: ${vault.name}`);\n});\n\n// Create item\nconst newItem = await op.createItem('CI/CD', {\n  title: 'New API Token',\n  category: 'password',\n  fields: [\n    { label: 'token', value: 'abc123xyz' }\n  ]\n});"
    }
  },
  "9_best_practices_seguranca": {
    "least_privilege": [
      "✓ 1 token por aplicação/serviço",
      "✓ Acesso apenas aos vaults necessários",
      "✓ Service Accounts em vez de contas pessoais",
      "✓ Revogar tokens não utilizados"
    ],
    "rotacao_secrets": [
      "✓ Rotação automática via scripts",
      "✓ Monitorar idade dos secrets",
      "✓ Alertar quando expiração próxima",
      "✓ Documentar procedimentos de emergência"
    ],
    "auditoria": [
      "✓ Ativar Events API para logs",
      "✓ Monitorar acesso aos secrets",
      "✓ Alertas para padrões suspeitos",
      "✓ Revisão periódica de permissões"
    ],
    "armazenamento_tokens": [
      "✗ NUNCA hardcode tokens em código",
      "✗ NUNCA commit tokens no Git",
      "✓ Armazenar tokens em 1Password",
      "✓ Usar env vars em runtime",
      "✓ Tokens de curta duração para CI/CD"
    ]
  },
  "10_troubleshooting": {
    "connect_server_nao_responde": [
      "# Verificar logs",
      "docker logs connect-api",
      "docker logs connect-sync",
      "",
      "# Testar conectividade",
      "curl http://localhost:8080/v1/health",
      "",
      "# Validar credentials",
      "cat 1password-credentials.json | jq"
    ],
    "cli_nao_autentica": [
      "# Verificar sessão",
      "op whoami",
      "",
      "# Re-signin",
      "eval $(op signin)",
      "",
      "# Verificar env vars",
      "echo $OP_SERVICE_ACCOUNT_TOKEN",
      "echo $OP_CONNECT_HOST",
      "echo $OP_CONNECT_TOKEN"
    ],
    "kubernetes_secrets_nao_sincronizam": [
      "# Verificar Operator logs",
      "kubectl logs -n 1password -l app=connect-operator",
      "",
      "# Verificar OnePasswordItem status",
      "kubectl describe onepassworditem database-credentials -n production",
      "",
      "# Validar itemPath",
      "# Format: vaults/<VAULT_NAME>/items/<ITEM_NAME>"
    ]
  }
}